identifier,mfcc_0,mfcc_1,mfcc_2,mfcc_3,mfcc_4,mfcc_5,mfcc_6,mfcc_7,mfcc_8,mfcc_9,mfcc_10,mfcc_11,mfcc_12,chroma_0,chroma_1,chroma_2,chroma_3,chroma_4,chroma_5,chroma_6,chroma_7,chroma_8,chroma_9,chroma_10,chroma_11,spectral_contrast_0,spectral_contrast_1,spectral_contrast_2,spectral_contrast_3,spectral_contrast_4,spectral_contrast_5,spectral_contrast_6,zero_crossing_rate,spectral_rolloff,spectral_centroid,rms
0Rlzhiz6bybk77wdLjxwy7yLDhg1,-455.21896,79.58643,-27.757368,35.422947,6.402906,-12.074299,22.932493,2.0415697,-3.9936423,11.457101,0.3908028,-4.3594255,-5.054924,0.54530835,0.4997059,0.5172562,0.49840707,0.490597,0.44220492,0.5327842,0.5897687,0.6491836,0.56382585,0.63657683,0.6186195,13.494831910794236,9.89279009296255,12.213341483093407,13.901628801862435,17.06462080044035,18.12608332694966,23.486652025740675,0.13942944211102995,10923.53565558802,5501.305262471909,0.029947923
0zexHIcM7tQDdnFiEj2Eb0v3g212,-463.19287,103.66573,-8.633862,-11.532249,-5.393478,-3.6929934,1.0780016,-9.467561,-10.422411,-1.8302535,-11.920928,-7.3322406,-3.7811482,0.58207875,0.5955132,0.6134755,0.6644894,0.6596013,0.6552817,0.6790721,0.66387415,0.6547786,0.62060595,0.5759308,0.56953806,19.306902642340916,8.197755886644096,10.830405882597605,12.68533465285788,17.56440410842334,15.033962777704703,19.889231287742046,0.02706013753742515,7584.580838323353,3555.2641487181495,0.056991
