identifier,mfcc_0,mfcc_1,mfcc_2,mfcc_3,mfcc_4,mfcc_5,mfcc_6,mfcc_7,mfcc_8,mfcc_9,mfcc_10,mfcc_11,mfcc_12,chroma_0,chroma_1,chroma_2,chroma_3,chroma_4,chroma_5,chroma_6,chroma_7,chroma_8,chroma_9,chroma_10,chroma_11,spectral_contrast_0,spectral_contrast_1,spectral_contrast_2,spectral_contrast_3,spectral_contrast_4,spectral_contrast_5,spectral_contrast_6,zero_crossing_rate,spectral_rolloff,spectral_centroid,rms
0Rlzhiz6bybk77wdLjxwy7yLDhg1,-502.98877,36.116886,-28.207764,29.537273,-2.0637574,-14.812537,15.974813,1.2785524,-2.0726948,5.3164506,-1.3334328,-1.2777824,-2.125666,0.49848816,0.46127322,0.49525335,0.423214,0.3969577,0.39559123,0.43257332,0.47679713,0.59205806,0.49406973,0.49396792,0.48299345,14.04562714610723,10.660505221779344,12.335659815798367,14.303559598793427,17.27233728085802,19.289196888519577,26.46317338971583,0.1636358341886344,10161.574249135696,5596.71087931332,0.019593032
0zexHIcM7tQDdnFiEj2Eb0v3g212,-444.1563,99.54831,-1.9328456,-11.856342,-3.741805,0.11869002,2.2866604,-6.5478563,-7.6574674,-1.2410041,-8.804681,-5.735704,-2.999819,0.5563715,0.5879222,0.6302698,0.67831874,0.6681673,0.6396536,0.6472824,0.6316665,0.6324285,0.5919698,0.55594766,0.54582524,18.393638491979168,8.240360013593476,10.073291233478448,12.427824855173267,17.493669368944865,15.377720472642022,19.423805044628278,0.026862983980867894,8552.172402736212,3859.4423743571074,0.06742921
