identifier,mfcc_0,mfcc_1,mfcc_2,mfcc_3,mfcc_4,mfcc_5,mfcc_6,mfcc_7,mfcc_8,mfcc_9,mfcc_10,mfcc_11,mfcc_12,chroma_0,chroma_1,chroma_2,chroma_3,chroma_4,chroma_5,chroma_6,chroma_7,chroma_8,chroma_9,chroma_10,chroma_11,spectral_contrast_0,spectral_contrast_1,spectral_contrast_2,spectral_contrast_3,spectral_contrast_4,spectral_contrast_5,spectral_contrast_6,zero_crossing_rate,spectral_rolloff,spectral_centroid,rms
0Rlzhiz6bybk77wdLjxwy7yLDhg1,-517.61835,45.318787,-8.712566,11.125447,-0.48367196,-5.0571027,9.465527,-0.91549546,-3.891101,2.5921178,-0.90903515,0.14414982,1.1079352,0.4251075,0.41188058,0.44720823,0.56008047,0.52965283,0.5109408,0.5995855,0.6151948,0.54030114,0.49257174,0.52053,0.4579534,14.693389253825682,10.143667143319524,12.768292452804166,15.100545965032536,18.286878860973502,18.03011039695686,20.464837507215673,0.0810517896884273,12344.19046735905,5124.864866939042,0.015667845
0zexHIcM7tQDdnFiEj2Eb0v3g212,-340.98587,142.9663,-19.050482,-26.839653,6.103589,12.128988,2.5286033,-16.259554,-11.142622,-0.20146866,-16.385496,-14.742985,-5.7607574,0.46738952,0.50330675,0.47916126,0.4443464,0.4319928,0.44195887,0.50377095,0.49320084,0.5051813,0.47257403,0.44507447,0.46858153,22.987164425473015,10.01670382914671,11.97339131282757,15.114881742252308,20.092695533826067,19.227511041177404,24.97418864736027,0.039461625862526536,4408.190684713376,2232.4974668304844,0.102346025
