identifier,mfcc_0,mfcc_1,mfcc_2,mfcc_3,mfcc_4,mfcc_5,mfcc_6,mfcc_7,mfcc_8,mfcc_9,mfcc_10,mfcc_11,mfcc_12,chroma_0,chroma_1,chroma_2,chroma_3,chroma_4,chroma_5,chroma_6,chroma_7,chroma_8,chroma_9,chroma_10,chroma_11,spectral_contrast_0,spectral_contrast_1,spectral_contrast_2,spectral_contrast_3,spectral_contrast_4,spectral_contrast_5,spectral_contrast_6,zero_crossing_rate,spectral_rolloff,spectral_centroid,rms
0Rlzhiz6bybk77wdLjxwy7yLDhg1,-454.2527,58.650757,-12.467456,15.924095,-0.11726596,-4.258,10.919525,-2.1800885,-1.7659786,-0.88387287,-6.3715053,1.3463475,-0.5853039,0.4893747,0.5027064,0.5240433,0.574776,0.56795645,0.5645037,0.517852,0.48942232,0.55131155,0.56808764,0.5770716,0.5071228,15.492415618768643,10.0443916226817,12.350963654408009,14.711350325965272,18.42139751575586,17.45364791019985,23.480477981407383,0.06617265866126543,10749.927662037036,4414.701843858793,0.037373282
0zexHIcM7tQDdnFiEj2Eb0v3g212,-349.11185,91.92856,-16.525896,-5.9497414,-6.223473,-1.5983769,1.6204773,-6.4197097,-10.53317,-6.2637405,-9.927549,-7.1668286,-3.0521743,0.5008161,0.5118711,0.5326545,0.5608213,0.5761276,0.62702614,0.63145167,0.58267397,0.5574181,0.5182162,0.4906894,0.48833326,17.816247870252408,8.751859883460492,11.15085608900315,12.743943563437266,17.948180686089295,15.301228661027825,19.57336298869121,0.031100955348782773,6979.371488764045,3445.3196612352067,0.11031824
