identifier,mfcc_0,mfcc_1,mfcc_2,mfcc_3,mfcc_4,mfcc_5,mfcc_6,mfcc_7,mfcc_8,mfcc_9,mfcc_10,mfcc_11,mfcc_12,chroma_0,chroma_1,chroma_2,chroma_3,chroma_4,chroma_5,chroma_6,chroma_7,chroma_8,chroma_9,chroma_10,chroma_11,spectral_contrast_0,spectral_contrast_1,spectral_contrast_2,spectral_contrast_3,spectral_contrast_4,spectral_contrast_5,spectral_contrast_6,zero_crossing_rate,spectral_rolloff,spectral_centroid,rms
0Rlzhiz6bybk77wdLjxwy7yLDhg1,-449.19934,86.64141,18.90815,19.792513,16.43407,0.65169924,1.7006142,3.5789614,1.6250898,-2.8830056,-6.550445,-2.0774584,-0.43693784,0.44998178,0.402651,0.4181302,0.45597154,0.4399445,0.45706153,0.49326804,0.51041704,0.5038258,0.50639945,0.5607774,0.5068562,19.03859956118826,11.160897451772541,16.194665272617687,17.21719077099008,22.039628816777142,22.839742781980508,21.8274159694913,0.051587975543478264,6258.130944293478,2872.340501162411,0.04408464
0zexHIcM7tQDdnFiEj2Eb0v3g212,-422.59045,121.62465,33.361122,10.16416,22.261627,15.728452,-5.9111333,-14.603206,-6.6432323,-3.5189416,-11.541356,-12.588684,-8.71783,0.36111116,0.39936396,0.49032912,0.65463483,0.6523286,0.54583526,0.4934918,0.42081317,0.36509284,0.3822304,0.39393815,0.3524719,25.809786499625538,11.350109624215856,15.375729029451522,17.109448844673995,21.83191719225681,22.450967907588762,21.136658227768443,0.0329422337317753,2656.5582118353345,1525.1502258123198,0.075528465
