identifier,mfcc_0,mfcc_1,mfcc_2,mfcc_3,mfcc_4,mfcc_5,mfcc_6,mfcc_7,mfcc_8,mfcc_9,mfcc_10,mfcc_11,mfcc_12,chroma_0,chroma_1,chroma_2,chroma_3,chroma_4,chroma_5,chroma_6,chroma_7,chroma_8,chroma_9,chroma_10,chroma_11,spectral_contrast_0,spectral_contrast_1,spectral_contrast_2,spectral_contrast_3,spectral_contrast_4,spectral_contrast_5,spectral_contrast_6,zero_crossing_rate,spectral_rolloff,spectral_centroid,rms
0Rlzhiz6bybk77wdLjxwy7yLDhg1,-396.4202,106.11725,24.459215,20.951519,13.340507,1.6980971,7.176339,2.0527475,-2.401904,-3.2344143,-9.817229,-8.68457,-1.9339154,0.3963758,0.34994498,0.41369963,0.44336793,0.41648695,0.47897664,0.48123515,0.43750417,0.43952537,0.49650526,0.5742655,0.51906353,21.05193215685218,11.604797321524657,16.87039511744125,18.018351378494895,23.190508043014887,25.073730858884762,23.20593993644964,0.0444443359375,3636.75,2056.8431907764934,0.05799315
0zexHIcM7tQDdnFiEj2Eb0v3g212,-381.37906,136.48386,18.180523,-6.312138,9.285228,10.630251,-3.724536,-18.490988,-13.417527,-3.0109475,-8.188617,-12.709453,-11.489439,0.36096472,0.33432364,0.32224295,0.40542617,0.5130434,0.65935564,0.6857614,0.5079477,0.4073829,0.33064172,0.262125,0.28535557,25.352310900494484,12.162858907941818,14.988396690798602,17.04589433300008,24.52080887807414,20.202916528012356,24.058354478174675,0.03831735923602287,3262.4285260482848,1710.5993564713692,0.09583642
