identifier,mfcc_0,mfcc_1,mfcc_2,mfcc_3,mfcc_4,mfcc_5,mfcc_6,mfcc_7,mfcc_8,mfcc_9,mfcc_10,mfcc_11,mfcc_12,chroma_0,chroma_1,chroma_2,chroma_3,chroma_4,chroma_5,chroma_6,chroma_7,chroma_8,chroma_9,chroma_10,chroma_11,spectral_contrast_0,spectral_contrast_1,spectral_contrast_2,spectral_contrast_3,spectral_contrast_4,spectral_contrast_5,spectral_contrast_6,zero_crossing_rate,spectral_rolloff,spectral_centroid,rms
0Rlzhiz6bybk77wdLjxwy7yLDhg1,-394.12875,89.29901,1.5227152,27.097996,37.788765,5.756322,-8.940158,-6.417415,2.8439271,-5.074643,-19.21513,-6.0648594,-3.610338,0.48855627,0.7420705,0.59761727,0.38279554,0.29654035,0.26680547,0.20694901,0.23613125,0.24830303,0.1635945,0.18695168,0.3125026,22.701757225775424,14.651674933935064,17.38288650645789,19.536964996379577,23.361829008712935,28.68342647853126,26.799078565802304,0.02894135224654378,4997.371831797235,2340.892002900374,0.075239494
0zexHIcM7tQDdnFiEj2Eb0v3g212,-424.00653,122.8709,12.078936,8.249915,41.808636,22.366411,-14.41347,-20.82207,-14.146714,-15.395753,-15.352882,-7.92929,-8.185507,0.26098529,0.20877153,0.25782642,0.48981437,0.7988392,0.7356112,0.44829512,0.30235723,0.22565886,0.18221605,0.17840084,0.2540782,28.115466679658855,15.416105001791337,18.711081061856778,16.856357982896817,22.6023122781328,27.832948254705755,21.283586037228883,0.026433338117106773,2950.810849598163,1411.9384984603184,0.064428985
