identifier,mfcc_0,mfcc_1,mfcc_2,mfcc_3,mfcc_4,mfcc_5,mfcc_6,mfcc_7,mfcc_8,mfcc_9,mfcc_10,mfcc_11,mfcc_12,chroma_0,chroma_1,chroma_2,chroma_3,chroma_4,chroma_5,chroma_6,chroma_7,chroma_8,chroma_9,chroma_10,chroma_11,spectral_contrast_0,spectral_contrast_1,spectral_contrast_2,spectral_contrast_3,spectral_contrast_4,spectral_contrast_5,spectral_contrast_6,zero_crossing_rate,spectral_rolloff,spectral_centroid,rms
0Rlzhiz6bybk77wdLjxwy7yLDhg1,-341.5681,102.835365,13.508548,90.95053,49.320827,-15.35821,11.378864,12.635898,4.782705,-6.9122114,-33.479954,-8.176466,5.71739,0.06218243,0.08247187,0.13481194,0.31320634,0.6242577,0.9341009,0.56075597,0.24238959,0.09592669,0.05383041,0.046795957,0.048498563,27.678038676639666,18.84985479981822,19.30567469267652,19.283343221706655,30.73385719590688,26.682457886566652,27.586776995578774,0.017803611448558982,3585.4191102546915,1449.9087542163982,0.26031604
0zexHIcM7tQDdnFiEj2Eb0v3g212,-338.51907,115.61407,-17.176083,2.5624285,34.879112,11.287201,1.4120253,3.4500859,-2.4422462,-8.764193,-14.965629,-11.096575,-6.861145,0.15680175,0.19162774,0.3022865,0.509108,0.665567,0.8592599,0.8026608,0.51576805,0.27118662,0.18061757,0.15549447,0.14432505,27.052065143031257,15.049998198958116,13.848197965498448,13.915770775925656,20.77763542597704,24.387055291371762,23.22466100670687,0.020895892711726385,2634.13578990228,1381.3629167976706,0.11369397
