identifier,mfcc_0,mfcc_1,mfcc_2,mfcc_3,mfcc_4,mfcc_5,mfcc_6,mfcc_7,mfcc_8,mfcc_9,mfcc_10,mfcc_11,mfcc_12,chroma_0,chroma_1,chroma_2,chroma_3,chroma_4,chroma_5,chroma_6,chroma_7,chroma_8,chroma_9,chroma_10,chroma_11,spectral_contrast_0,spectral_contrast_1,spectral_contrast_2,spectral_contrast_3,spectral_contrast_4,spectral_contrast_5,spectral_contrast_6,zero_crossing_rate,spectral_rolloff,spectral_centroid,rms
0Rlzhiz6bybk77wdLjxwy7yLDhg1,-439.73633,90.385506,48.637817,28.75428,9.404792,-11.878891,-16.484943,-6.766578,-1.2179586,-6.9570656,-7.2799425,0.6532581,-2.3405643,0.30176747,0.44113478,0.38457972,0.29698974,0.4125111,0.6147528,0.36286044,0.42275143,0.55965203,0.35218772,0.18716043,0.20696148,20.377947954167066,12.566462241691514,18.608266055700128,23.44262603520424,20.39433311343158,24.060706705595596,19.98789022263169,0.02415157970369171,3169.360225064767,1743.4303511049984,0.04503199
0zexHIcM7tQDdnFiEj2Eb0v3g212,-385.18063,138.53638,85.992004,43.15319,11.116277,-17.154703,-32.315033,-26.84415,-13.527794,-10.196478,-15.43842,-12.570638,-6.598642,0.15226792,0.075067766,0.024617117,0.09626658,0.5196321,0.96977234,0.6296078,0.15521255,0.03736756,0.020735666,0.014403081,0.052674375,28.505320829246415,18.573871035380744,20.23748380415527,25.239405477631546,22.867283774599013,20.56612994262417,25.26045299449243,0.01810794929099877,673.5897040690505,520.3698934244228,0.15790258
